grower_code,grower_name,father_name,village,phone,bank_account,ifsc,land_acres,cane_variety
G0500458,Mahendra Lodhi,SHIWKUMAR TIWARI,PIPPARIYA,+919307848764,,PUNB0223400,17.20,CO-86032
G0500307,TULSIRAM MISHRA, CHHOTELAL KUSHWAHA ,DUDHWARA,9491969640,295962120830,BARB0NARSIN,8.92,CO-86032
G0500184,VISHWAKARMA RADHESHYAM,Suresh Vishwakarma,CHEENKI,09897602222,867039257509,BARB0NARSIN,1.25,COJN-86-141
G0500063, GIRDHARI KUSHWAHA ,CHOUDHARY SOHAN,SIGHODI,09329808453,468323883101,MAHB0001204,17.01,CO-98014
G0500497, NARAYAN PATHAK ,MOHAN JAT,KUKWADA,9765455243,161501274928,CNRB0003398,16.49,CO-98014
G0500460,NANDKISHORE  J,TULSIRAM YADAV,KARHAIYA,96573 40029,277148959484,UBIN0812345,17.88,COJN-86-141
G0500139,PARSRAM  BHARGAVA,RAMESH RAJPUT,GADARIA,908-458-9771,414280836735,PUNB0223400,6.27,CO-86032
G0500027,BHAGWAN PATHAK,KAILASH MISHRA,KHAMARIYA,9270453457,769152460195,CNRB0003398,14.22,CO-86032
G0500365,JAGDISH  VISHWAKARMA,SHIVKUMAR KOURAV,CHINKI,,1717 3119 9176,BARB0NARSIN,12.86,COJN-86-141
G0500192,BALKISHAN THAKUR,NANDKISHORE K,CHEENKI,91379 08368,749285310646,BARB0NARSIN,9.55,CO-86032
G0500107,GOVIND TIWARI,PRAKASH DUBEY,GADARIA,9884453684,993674932828,MAHB0001204,0.77,COJN-86-141
G0500200,Jagdish P,NARAYAN MISHRA,KHAMARIA,9264059252,,PUNB0223400,11.77,CO-86032
G0500017,KOURAV LAKHAN,Mohan Mishra,PIPPARIYA,,663062611695,UBIN0812345,8.57,CO-86032
G0500083,Sohan Dubey,RAGHUVEER DUBEY,MURLI PAUDI,9360039504,900535454595,SBIN0004512,7.40,COJN-86-141
G0500123,KAILASH LODHI,HARIRAM KUSWAHA,BARKHERA,+919487593445,091900294819,UBIN0812345,15.64,CO-86032
G0500199,OMPRAKASH MISHRA,Naraian Thakur,KHAMRIYA,962-553-4883,194472010239,CNRB0003398,2.87,CO-98014
G0500064,PARSRAM GOUR,RAMESH DUBEY,MEHGAON,,523335107078,CNRB0003398,14.14,CO-0238
G0500178,Shivkumar  Ahirwar,SITARAM DUBEY,CHEENKI,9381339692,,BARB0NARSIN,7.23,CO-0238
G0500476,MOHAN YADAV, Govind Patel ,KARHAIA,9657778764,,MAHB0001204,6.93,CO-05011
G0500047,SAMPATLAL MISHRA,Omprakash Kourav,KARHAIA,9108651702,264079593718,BARB0NARSIN,6.16,CO-98014
G0500360,Shivkumar Sen,Nandkishore Ahirwar,KESALI,,767850647599,PUNB0223400,12.93,CO-0238
G0500044,NARAYAN PATHAK, BABULAL SEN ,MEHGAON,91241 49306,535166934815,CNRB0003398,10.38,CO-86032
G0500198,Mahendra Parihar,HARIRAM DUBEI,KARHAIYA,+919699692185,922638001191,MAHB0001204,5.17,CO-86032
G0500408,CHHOTELAL SEN,Parsram  Mishra,JALLAPUR,+919220146222,919286485626,PUNB0223400,13.25,COJN-86-141
G0500113, Jagdish Vishwakarma ,AMARSINGH YADAV,BARKHEDA (SINGHPUR),9671065339,657852614644,BARB0NARSIN,13.44,CO-86032
G0500411,BRIJMOHAN KIRAR,GANESH  DUBEY,BELKHEDA,9125675201,871798495648,MAHB0001204,6.23,CO-98014
G0500253,BABULAL  SAHU,AMARSINGH  THAKUR,BARKHERA,982-443-5200,3231 7804 8517,MAHB0001204,6.85,COJN-86-141
G0500492,Amarsingh Parihar, BRIJMOHAN  THAKUR ,SIGODHI,,,MAHB0001204,10.52,CO-86032
G0500208,BALKISHAN KUSHWAHA,Girdhari Choudhari,GORAKPUR,9642686701,904037406661,SBIN0004512,15.57,CO-86032
G0500179,Phoolchand Y,,GADARIA,9343614164,,SBIN0004512,9.54,CO-0238
G0500397,BHAGWAN VISHWAKARMA,AMARSINGH SEN,JALLAPUR,9785322055,464194683443,BARB0NARSIN,11.76,CO-05011
G0500000,OMPRAKASH PATHAK,DINESH LODHI,GADARIYA,,661318609139,CNRB0003398,17.08,CO-05011
G0500283,OMPRAKASH M,PARSRAM AHIRWAR,CHORAKHERA,9360139774,034223289078,PUNB0223400,10.51,CO-05011
G0500029,TIWARI DEVILAL,NANDKISHORE PATHAK,DUDHWARA,+919584853715,,SBIN0004512,1.37,COJN-86-141
G0500088,BALKISHAN THAKUR,DINESH RAJPUT,BARKHEDA (SINGHPUR),9243306411,,CNRB0003398,11.52,CO-86032
G0500382,JAGDISH PATEL,Dinesh Sahu,PIPPARIYA,9559604244,,BARB0NARSIN,9.88,COJN-86-141
G0500130,RAJESH LODHI, Mohan Kushwaha ,GADARIYAKHEDA,9727706190,863082356535,CNRB0003398,11.87,CO-86032
G0500226,SITARAM THAKUR,PRAKASH TIWARI,GORAKHPUR,9046163886,,BARB0NARSIN,15.94,CO-98014
G0500271, GIRDHARI PATHAK , GIRDHARI VISHWAKARMA ,JALAPUR,9449704377,799064377149,UBIN0812345,2.64,CO-05011
G0500373, CHHOTELAL CHOUDHARY ,HARIRAM SEN,DEVNAGAR (GOTEGAON),9113733805,800151347745,MAHB0001204,7.75,CO-98014
G0500438,BHAGWAN KUSHWAHA, PHOOLCHAND M ,BANDOL,9669401881,512125754257,CNRB0003398,4.45,CO-86032
G0500418,OMPRAKAS PATHAK,SAHU TULSIRAM,BANDOL,,276685308878,MAHB0001204,11.25,CO-0238
G0500207,MUKESH P,RAGHUVEER  V,DEVNAGAR (GOTEGAON),9805927020,442643045391,SBIN0004512,7.60,CO-0238
G0500203,SEN MADANLAL,Bhagwan Yadav,KHAMARIA,9876300521,603402284244,MAHB0001204,8.12,CO-86032
G0500332,Kailash Thakur,Jagdish K,KARHAIYA KHEDA,09455592670,273977427316,CNRB0003398,5.70,CO-98014
G0500266,KANHAIYA  LODHI,,JALLAPUR,9945481349,673582288666,UBIN0812345,6.47,CO-98014
G0500111,PHOOLCHAND VISHWAKARMA,BABULAL  AHIRWAR,BACHHAI,+919761499054,839690678929,MAHB0001204,13.34,COJN-86-141
G0500065,GOWIND WISHWAKARMA,BALKISHAN AHIRWAR,PIPARIYA,9783790665,661359640479,BARB0NARSIN,0.79,CO-0238
G0500427,BHAGWAN GOUR,KANHAIIA  KIRAR,BANDOLE,986-609-3593,2547 6196 0675,SBIN0004512,6.46,CO-05011
G0500461,MAHENDRA YADAV,PREMLAL BHARGAVA,SIGHODI,9819777386,5432 0762 9346,SBIN0004512,5.72,CO-98014
G0500305,OMPRAKAS IADAV,SOHAN SAHU,SIGODHI,9445343541,3651 9456 4841,UBIN0812345,7.08,CO-86032
G0900002,BALKISHAN CHOUDHARY,SHIVKUMAR DUBEY,BANDOLE,9993747934,451685778691,PUNB0223400,12.38,CO-86032
G0500156,MADANLAL PARIHAR, JAGDIS THAKUR ,BHALPANEE,,005814611891,PUNB0223400,11.62,CO-05011
G0500108,CHOUDHARY KANHAIYA,MAHENDRA LODHI,GADARIA,09318254775,495282212983,CNRB0003398,8.87,CO-0238
G0500205,DEVILAL AHIRWAR,,BARKHERA,9539181869,4964 4439 0371,MAHB0001204,4.38,CO-86032
G0500004,Mukesh Pathak,AMARSINGH PATHAK,GADARIYA,+919122202972,997528820018,BARB0NARSIN,13.62,CO-86032
G0500494,TULSIRAM C,DEVILAL T,MURLI POUDI,9506939813,981017439610,CNRB0003398,11.40,CO-86032
G0500388,MADANLAL KIRAR,HARIRAM KOURAV,MEHAGAON,9534296025,308101848761,MAHB0001204,15.97,COJN-86-141
G0500127,DEVILAL  YADAV,RAMESH JAT,PIPARIYA,9648694927,3684 5480 1848,UBIN0812345,15.44,CO-98014
G0500097,JAGDISH  JAT,SURESH MISHRA,CHEENKI,9692084417,805560698435,PUNB0223400,14.82,CO-98014
G0500026,AMARSINGH KIRAR,HARIRAM BHARGAVA,BHALPANI,9805856732,681950446600,MAHB0001204,1.82,CO-98014
G0500061,MUKESH YADAV,Lakhan Vishwakarma,CHORAKHERA,9476202027,439582445832,BARB0NARSIN,17.05,CO-86032
G0500498,Mukesh Choudhary,KAILAS GOUR,BARKHERA,9341263044,470114563525,UBIN0812345,8.47,CO-98014
G0500415,SHIVKUMAR YADAV, AHIRWAR RADHESHYAM ,BANDOLE,,835700891831,UBIN0812345,3.47,CO-05011
G0500099,Tulsiram Kourav,LAKHAN TIWARI,CHORAKHERA,9031563635,936088447770,BARB0NARSIN,1.45,CO-98014
G0500252,PHOOLCHAND K,BALKISHAN KUSHWAHA,KHAMARIYA,97987 42278,334726669938,CNRB0003398,2.26,COJN-86-141
G0500430,LAKHAN GOUR,RADHESHYAM  GOUR,CHINKI,9051901843,552735454709,UBIN0812345,12.74,CO-05011
G0500167, PREMLAL PATEL ,BRIJMOHAN MISHRA,SIGHODI,9971205514,926927343410,PUNB0223400,14.40,COJN-86-141
G0500330,GOUR GIRDHARI,RADHESHYAM LODHI,BELKHERA,9164271458,362078807850,CNRB0003398,6.28,CO-0238
G0500308,Omprakash Jat,RAJES THAKUR,GADARIA,09422134319,444767459704,PUNB0223400,1.19,CO-0238
G0500267,AHIRWAR GOVIND,Girdhari Jat,SIGODHI,92176 73009,299866580603,BARB0NARSIN,18.00,CO-0238
G0500161,BALKISHAN P,RAGHUVEER SAHU,CHORAKHERA,,4682 8841 0816,SBIN0004512,16.01,CO-98014
G0500016,Naraian  Gour,NARAYAN VISHWAKARMA,MEHGAON,9249351643,883170107375,UBIN0812345,1.21,COJN-86-141
G0500262,CHHOTELAL SAHU,MUKESH AHIRWAR,KHAMRIYA,+919965359511,927353365539,MAHB0001204,10.19,CO-98014
G0500177,RADHESHYAM BHARGAVA,Babulal Kushwaha,BACHHAI,9191948517,617413534661,MAHB0001204,1.21,CO-86032
G0500076,KAILAS PATEL,Dinesh Kushwaha,BELKHEDA,9653407771,178716177236,UBIN0812345,8.20,CO-0238
G0500434,MADANLAL RAJPUT,GIRDHARI WISHWAKARMA,BACHAI KALAN,9458356852,318822249839,BARB0NARSIN,8.27,COJN-86-141
G0500072,KUSHWAHA  NARAYAN,Patel Balkishan,KARHAIYA KHEDA,+919070633089,640270711228,PUNB0223400,3.35,CO-05011
G0500037,BRIJMOHAN YADAV,Ganesh  Y,KESALI,9556356956,8058 2536 0518,BARB0NARSIN,3.78,COJN-86-141
G0500206,LAKHAN GOUR,JAGDISH KIRAR,GORAKPUR,+919889504844,787859988385,UBIN0812345,8.51,CO-98014
G0500015,RAJESH PATEL,GOVIND K,KESALI,09776467272,0429 3557 5918,UBIN0812345,3.95,CO-86032
G0500424,Balkishan Choudhary,Dinesh Rajput,KHAMARIYA,+919069744026,,PUNB0223400,11.27,CO-86032
G0500030,PREMLAL  AHIRWAR,PARSRAM YADAV,BACHAI,9798016967,,MAHB0001204,4.21,CO-86032
G0500121,RADHESHYAM Y,Narayan Ahirwar,GORAKPUR,9020475033,747761325159,UBIN0812345,14.81,CO-98014
G0500354,SITARAM RAJPUT,MAHENDRA PATEL,KHAMARIYA,,799667885596,UBIN0812345,17.39,COJN-86-141
G0500322,RAMESH  GOUR,SURESH SEN,KESALI,92420 95662,759798045717,CNRB0003398,14.97,CO-0238
G0500483,SITARAM LODHI,OMPRAKASH K,KESALI,,886554207772,BARB0NARSIN,5.48,CO-86032
G0500326,PATEL PHOOLCHAND,Shivkumar Yadav,MURLI POUDI,9939601711,649808232368,PUNB0223400,4.62,CO-98014
G0500414,SOHAN PATEL,KANHAIYA KOURAV,BACHHAI,9171731311,,UBIN0812345,12.30,CO-98014
G0500254,BRIJMOHAN VISHWAKARMA, KAILASH LODHI ,BHALPANI,9330265789,,BARB0NARSIN,16.42,CO-98014
G0500293,SURESH KOURAV,PRAKASH R,KESALI,9047418536,730186529103,UBIN0812345,5.72,CO-98014
G0500452,RAJESH MISHRA,GANESH BHARGAVA,SIGHODI,9430198406,734276562451,MAHB0001204,3.06,CO-0238
G0500174,KAILASH CHOUDHARY,,BANDOLE,9462236822,240099768175,CNRB0003398,16.97,CO-86032
G0500249,GANES  KUSWAHA,RAJPUT RAJESH,KUKWADA,+919153693764,7861 6942 7095,PUNB0223400,15.47,CO-0238
G0500396,BRIJMOHAN  PARIHAR,SHIVKUMAR DUBEY,PIPARIA,9721059834,1853 7348 0745,SBIN0004512,10.97,CO-05011
G0500093,PARSRAM PATEL,Bhagwan Yadav,CHORAKHEDA,9614590865,982093231314,PUNB0223400,8.52,CO-05011
G0500251,GANESH LODHI,SHIVKUMAR AHIRWAR,JALLAPUR,9163117512,378825336035,SBIN0004512,1.11,CO-0238
G0500163,Amarsingh Thakur,Chhotelal Yadav,KHAMARIYA,,059262536287,MAHB0001204,15.20,CO-05011
G0500067,NANDKISHORE TIWARI,DUBEY BHAGWAN,KUKWADA,09487861465,0248 2409 4652,UBIN0812345,5.27,CO-98014
G0500324,Mohan Rajput,SANTOSH MISHRA,BARKHEDA,9112131332,954196432361,PUNB0223400,17.17,COJN-86-141
G0500050,SAMPATLAL BHARGAVA,Mahendra Yadav,BELKHERA,9129967276,398155834299,PUNB0223400,1.26,CO-86032
G0500433,SAMPATLAL  KOURAV,MAHENDRA K,BACHAI,9831125360,095110723949,PUNB0223400,1.66,CO-86032
G0500265,Ganes Misra,PARSRAM AHIRWAR,BARKHEDA (SINGHPUR),9954300036,209360521690,CNRB0003398,5.07,CO-05011
G0500150,Kailas Kuswaha,GANESH PATEL,DUDWARA,9143083765,,MAHB0001204,16.77,COJN-86-141
G0500496,BABULAL JAT,Amarsingh C,BARKHEDA (SINGHPUR),942-259-8122,591447705654,SBIN0004512,16.58,CO-0238
G0500390,MUKESH  VISHWAKARMA,SOHAN SEN,KHAMARIYA,09053790740,,UBIN0812345,7.03,CO-98014
G0500133, Govind Sen ,Jagdish Patel,GORAKHPUR,92720 84563,,MAHB0001204,0.84,COJN-86-141
G0500376,SAMPATLAL  DUBEY,GANESH TIWARI,BHALPANI,09734683136,8408 3160 3795,PUNB0223400,16.41,CO-0238
G0500278,NARAIAN  PATHAK,AMARSINGH K,BELKHEDA,9536047986,4986 6707 3896,MAHB0001204,13.77,COJN-86-141
G0500303,Dubey Sitaram,TULSIRAM DUBEY,CHINKI,97536 91422,964224903413,BARB0NARSIN,17.69,CO-86032
G0500398,NARAYAN PARIHAR,BHAGWAN CHOUDHARY,PIPARIYA,+919295761817,,BARB0NARSIN,0.65,CO-05011
G0500340,MADANLAL  PATEL, BABULAL D ,KHAMRIYA,9852214434,511589287456,CNRB0003398,13.83,CO-86032
G0500399,OMPRAKASH AHIRWAR,AMARSINGH GOUR,MURLI POUDI,9684701061,305545510791,CNRB0003398,9.60,CO-86032
G0500003,RADHESHYAM RAJPUT,GIRDHARI PATEL,CHEENKI,9841485253,888539336338,SBIN0004512,9.12,CO-0238
G0500137,SAMPATLAL P,Kushwaha Devilal,KHAMRIYA,,9727 0238 5440,SBIN0004512,16.64,CO-98014
G0500228,HARIRAM KUSHWAHA,RAJESH DUBEY,BACHAI,9038928285,7564 3189 6309,CNRB0003398,15.35,CO-86032
G0500112,DEWILAL TIWARI,SURESH JAT,SIGODHI,,551262480917,BARB0NARSIN,9.38,CO-86032
G0500018,MUKESH PARIHAR,SHIVKUMAR  S,KUKWADA,9396937293,068265123308,MAHB0001204,15.24,CO-0238
G0500422,PHOOLCHAND PATEL,Kailash Rajput,DEVNAGAR (GOTEGAON),9725739962,630275784864,MAHB0001204,3.49,CO-98014
G0500085,SHIVKUMAR PATHAK,RAJESH MISHRA,JALAPUR,9354582788,029682208195,UBIN0812345,1.43,CO-0238
G0500481,MADANLAL BHARGAVA,BALKISAN  PARIHAR,BARKHEDA (SINGHPUR),+919568994880,297135132357,SBIN0004512,10.85,CO-05011
G0500370,SANTOSH GOUR,MADANLAL YADAV,BACHAI,97251 94804,456174771578,MAHB0001204,18.20,CO-0238
G0500084,DINESH KIRAR,AMARSINGH DUBEY,SIGODHI,+919773553111,333585190799,BARB0NARSIN,11.70,COJN-86-141
G0500469,SHIVKUMAR SAHU,GIRDHARI PATHAK,PIPARIYA,9851086580,7647 8971 8945,MAHB0001204,10.98,CO-98014
G0500158,LAKAN CHOUDHARI,PRAKASH VISHWAKARMA,MEHGAON,91942 75879,773094306546,CNRB0003398,13.37,CO-86032
G0900009,AMARSINGH TIWARI,SITARAM KUSHWAHA,CHINKI,9524728919,029810584234,MAHB0001204,11.70,CO-0238
G0500148, BRIJMOHAN RAJPUT ,MAHENDRA  SAHU,BARKHEDA (SINGHPUR),,118091874892,CNRB0003398,16.42,CO-05011
G0500045,Nandkishore Thakur,MAHENDRA KIRAR,MURLI PAUDI,,255613422773,CNRB0003398,12.85,CO-0238
G0500036,DINESH KOURAV,,BHALPANEE,9780882031,392214480013,MAHB0001204,5.07,CO-05011
G0500412,BHAGWAN MISHRA,GANESH JAT,BANDOL,91512 89696,651379077489,PUNB0223400,9.52,CO-0238
G0500429,SAMPATLAL  PATEL,BABULAL AHIRWAR,CHEENKI,975-053-7502,759752595775,BARB0NARSIN,1.57,CO-05011
G0500447,MADANLAL MISHRA, NARAYAN PATHAK ,GADARIA,9839209008,550279694435,BARB0NARSIN,15.07,COJN-86-141
G0500478, VISHWAKARMA SURESH ,Sampatlal Rajput,BELKHEDA,94407 66403,021770571525,MAHB0001204,1.57,CO-86032
G0500269,HARIRAM DUBEY,Sampatlal Thakur,BANDOL,9391789887,854587889858,SBIN0004512,11.15,CO-05011
G0500445,JAGDISH SAHU,HARIRAM MISHRA,BARKHEDA (SINGHPUR),9145944681,198673759114,PUNB0223400,13.24,CO-98014
G0500462,LAKHAN PATEL,RAJESH LODHI,DEVNAGAR (GOTEGAON),9851626395,462421504876,MAHB0001204,3.85,CO-98014
G0500193,JAGDISH KOURAV,BRIJMOHAN LODHI,DUDWARA,09488663046,,MAHB0001204,2.16,COJN-86-141
G0500043,GOVIND CHOUDHARY,JAGDISH SAHU,CHORAKHERA,9979583698,,MAHB0001204,0.76,CO-0238
G0500335,TULSIRAM RAJPUT,JAGDISH PARIHAR,KUKWADA,9190005985,5926 3515 3709,MAHB0001204,7.30,CO-98014
G0500489,NARAIAN SEN,,DEVNAGAR (GOTEGAON),,305454495831,SBIN0004512,11.41,CO-98014
G0500066,BRIJMOHAN P,RAMESH  GOUR,KUKWARA,9137945188,572042399806,CNRB0003398,5.84,CO-98014
G0500387,KANHAIYA Y,SURESH PATHAK,JALAPUR,+919753136075,4426 4790 0947,MAHB0001204,2.34,CO-86032
G0500118,BRIJMOHAN BHARGAVA,BALKISHAN  YADAV,JALAPUR,950-145-1728,821892624395,PUNB0223400,8.73,CO-98014
G0500120,MUKESH DUBEY,Govind  Dubey,BACHHAI,996-902-5661,,PUNB0223400,10.22,CO-86032
G0500001,CHHOTELAL C,DEVILAL PARIHAR,BELKHERA,9118625276,018955597971,BARB0NARSIN,15.20,COJN-86-141
G0500375,MAHENDRA  BHARGAVA,RADHESHYAM RAJPUT,SIGODHI,9531658387,2380 5698 2926,MAHB0001204,12.29,COJN-86-141
G0500285,BALKISHAN GOUR,DINES JAT,KUKWARA,9057466455,124085036254,PUNB0223400,2.46,CO-98014
G0500366,OMPRAKASH KUSHWAHA,JAGDISH  GOUR,CHORAKHERA,,9310 0935 8759,UBIN0812345,12.78,CO-05011
G0500041,LAKHAN PATEL,KOURAV RAMESH,KARHAIYA KHEDA,09804619003,191537960036,CNRB0003398,2.63,CO-86032
G0900000,MAHENDRA MISHRA,RAGHUVEER SAHU,BHALPANI,9554023922,656138889595,MAHB0001204,7.66,CO-98014
G0500348,PRAKASH KIRAR,DEVILAL YADAV,GORAKPUR,94367 36731,,SBIN0004512,3.53,COJN-86-141
G0500151,PARSRAM VISHWAKARMA,CHHOTELAL V,BARKHERA,925-792-2137,108017242558,CNRB0003398,10.57,CO-0238
G0500405,HARIRAM AHIRWAR,RAJESH AHIRWAR,CHORAKHEDA,9467559740,,CNRB0003398,3.19,CO-86032
G0500038,Girdhari Kourav,AMARSINGH PARIHAR,BARKHEDA (SINGHPUR),+919936385784,977403533886,SBIN0004512,17.47,CO-98014
G0500091,GIRDHARI RAJPUT,BABULAL SEN,KESLI,9634807701,103797145922,MAHB0001204,11.79,CO-0238
G0500355,SURESH KIRAR,RAJESH  PATHAK,DUDWARA,9503900017,992007731941,MAHB0001204,8.48,CO-05011
G0500056,CHHOTELAL MISHRA,BHAGWAN PATHAK,SIGODHI,9658662666,203984963311,MAHB0001204,15.25,CO-0238
G0500361,GANESH KIRAR,,MURLIPAUDI,9057928594,3935 0901 0277,UBIN0812345,11.50,CO-0238
G0500359,SANTOSH R,GOUR  SITARAM,KESALI,9056735018,,BARB0NARSIN,14.53,CO-0238
G0500455,Rajesh Ahirwar,PREMLAL B,SIGHODI,9074792883,,UBIN0812345,15.01,CO-86032
G0500210,HARIRAM VISHWAKARMA,Girdhari Rajput,CHEENKI,9333603723,7466 3250 5170,SBIN0004512,4.22,COJN-86-141
G0500186,SAMPATLAL  PATEL,PREMLAL PARIHAR,KHAMRIYA,9329525883,606239692305,MAHB0001204,10.59,COJN-86-141
G0500077,Girdhari Sen,GOVIND B,KARHAIYA,+919925265052,309717304723,CNRB0003398,5.83,COJN-86-141
G0500394,KANHAIYA  AHIRWAR,SITARAM GOUR,MEHGAON,+919540727794,225991900400,MAHB0001204,11.87,CO-86032
G0500034,RAJESH CHOUDHARY,CHHOTELAL D,BACHAI KALAN,,782724663204,PUNB0223400,10.49,COJN-86-141
G0500248,PRAKASH THAKUR,GANESH LODHI,CHEENKI,9190066060,457644168500,BARB0NARSIN,7.04,CO-05011
G0500419,RAJPUT  PARSRAM,Brijmohan Rajput,GADARIA,,031850118116,MAHB0001204,7.23,CO-05011
G0500436,Ramesh Jat,LAKHAN LODHI,DEONAGAR,9189055877,610105773161,CNRB0003398,4.90,CO-86032
G0500343,PRAKASH MISHRA,Suresh Rajput,MEHAGAON,,587683465389,UBIN0812345,13.74,CO-98014
G0500486,SOHAN BHARGAVA,RAGHUVEER AHIRWAR,CHORAKHEDA,+919994453715,055943181920,SBIN0004512,0.76,CO-05011
G0500008,PREMLAL GOUR,Dinesh Lodhi,PIPARIA,+919684934072,247045585304,SBIN0004512,4.31,CO-86032
G0500106,MOHAN AHIRWAR,LODHI TULSIRAM,MEHGAON,,710028311839,PUNB0223400,9.56,CO-86032
G0500128,Dinesh  Ahirwar,Dines Wishwakarma,BANDOL,9887195184,5121 7732 8485,MAHB0001204,17.67,CO-98014
G0500040,GIRDHARI PARIHAR,Premlal Jat,DUDWARA,98667 50957,018316586892,BARB0NARSIN,15.90,CO-98014
G0500028,Prakash  Kirar,PRAKASH SAHU,MEHAGAON,96327 78077,273728902579,BARB0NARSIN,9.21,COJN-86-141
G0500135,GOVIND L,NANDKISHORE M,BELKHEDA,9644647077,580728441771,BARB0NARSIN,1.73,CO-86032
G0500275,CHOUDHARY TULSIRAM,RADHESHYAM C,DEVNAGAR,99443 42776,614460016112,BARB0NARSIN,6.32,COJN-86-141
G0500465,RAGHUVEER  PARIHAR,MUKESH RAJPUT,PIPARIA,9685140412,193094458998,UBIN0812345,17.01,CO-05011
G0500134,SITARAM S,SAHU BALKISHAN,BHALPANEE,96916 34661,6822 2422 8378,UBIN0812345,17.17,CO-86032
G0500314, KAILASH  YADAV ,JAGDISH YADAV,CHORAKHERA,9865838031,379771868611,UBIN0812345,6.88,CO-0238
G0500039,BRIJMOHAN KUSHWAHA,Phoolchand Sahu,PIPPARIYA,09261068917,692649916774,PUNB0223400,13.15,COJN-86-141
G0500321,Hariram Kuswaha,MADANLAL YADAV,KESALI,+919822049167,1489 3277 7743,UBIN0812345,8.41,CO-86032
G0500237,PRAKASH PARIHAR,GIRDHARI AHIRWAR,BHALPANEE,+919127205404,,MAHB0001204,7.86,CO-05011
G0500124,KANHAIYA GOUR,SURESH VISHWAKARMA,GORAKPUR,9588728697,,CNRB0003398,5.83,CO-0238
G0500162, SOHAN KIRAR ,Madanlal Yadav,KARHAIA,959-956-4052,876446697253,BARB0NARSIN,9.30,CO-86032
G0500304,BHAGWAN Y,RAJES THAKUR,BARKHERA,9964072086,,CNRB0003398,16.15,CO-98014
G0500442,SEN  SANTOSH,AMARSINGH P,DEVNAGAR (GOTEGAON),93629 74397,3177 2767 5114,MAHB0001204,15.96,COJN-86-141
G0500403,SURESH SEN,SHIVKUMAR CHOUDHARY,BANDOLE,9049859204,089759352223,CNRB0003398,10.35,CO-05011
G0500281,SITARAM AHIRWAR,AMARSINGH MISHRA,KESALI,9769955816,293048029649,MAHB0001204,9.04,COJN-86-141
G0500053,BABULAL TIWARI,Tiwari Premlal,BARKHERA,9898299539,470487845884,CNRB0003398,2.81,CO-0238
G0500292,YADAV JAGDISH,LAKHAN LODHI,BARKHEDA (SINGHPUR),09955552828,483852045662,SBIN0004512,0.72,COJN-86-141
G0500215,PARSRAM  BHARGAVA,CHHOTELAL KIRAR,GORAKPUR,935-328-9281,,BARB0NARSIN,10.62,CO-98014
G0500136,YADAV CHHOTELAL,OMPRAKASH K,KHAMRIYA,9991456746,853483374278,BARB0NARSIN,2.52,CO-86032
G0500431,Mahendra Tiwari,Bhagwan Thakur,DUDWARA,,9781 9341 0965,UBIN0812345,1.10,CO-0238
G0500159,PRAKASH C,,BELKHEDA,9711589290,6347 5224 5595,SBIN0004512,0.83,CO-86032
G0500196,MOHAN KOURAV,,CHORAKHEDA,9809289759,200628015559,SBIN0004512,0.54,CO-86032
G0500131,Kirar Bhagwan,AMARSINGH PATEL,BHALPANEE,+919455011708,617114061883,SBIN0004512,7.43,CO-86032
G0500187,Mukesh Patel,DINES  PARIHAR,MEHAGAON,+919785539142,936795657425,PUNB0223400,5.30,COJN-86-141
G0500057,PHOOLCHAND T, BRIJMOHAN AHIRWAR ,PIPARIYA,,8253 2272 0565,SBIN0004512,15.06,CO-98014
G0500103,KOURAV SHIVKUMAR,SANTOS MISRA,MURLI PAUDI,9766312628,,UBIN0812345,8.81,CO-05011
G0500211,Raghuveer Parihar,KAILASH BHARGAVA,CHORAKHERA,9307323230,974616430603,CNRB0003398,16.65,CO-05011
G0500247,PHOOLCHAND  MISHRA,PATHAK OMPRAKASH,MEHGAON,+919091225642,,CNRB0003398,6.02,CO-86032
G0500154,Thakur Suresh,DEVILAL SAHU,PIPARIYA,+919362008301,462991322331,MAHB0001204,0.12,CO-05011
G0500317,NANDKISHORE GOUR,BALKISHAN CHOUDHARY,BANDOL,,462487958935,SBIN0004512,4.32,CO-05011
G0500374,AMARSINGH RAJPUT,BHARGAVA TULSIRAM,MEHAGAON,92700 68360,,MAHB0001204,5.42,CO-0238
G0500232,LAKHAN  SEN,,KHAMARIYA,923-975-6092,160776483938,UBIN0812345,7.78,COJN-86-141
G0500052,YADAV HARIRAM,GANESH CHOUDHARY,BACHAI,+919394813302,901195203480,UBIN0812345,11.70,CO-0238
G0500413,Kanhaiya Tiwari,MADANLAL THAKUR,BHALPANI,,2043 4353 4079,BARB0NARSIN,3.36,CO-86032
G0500466,PARSRAM PATHAK, GOVIND  KUSHWAHA ,MURLIPAUDI,09933734020,614122381917,UBIN0812345,11.27,CO-0238
G0500155,Parsram Choudhary,KAILASH GOUR,KARHAIA,+919803407570,295826877038,PUNB0223400,9.18,CO-86032
G0500380,Brijmohan Sen,Bhagwan Sen,MEHAGAON,,174596906356,UBIN0812345,16.31,CO-86032
G0500046,MUKESH  DUBEY,Madanlal  Sahu,BELKHEDA,+919176738505,149431200624,MAHB0001204,6.94,CO-05011
G0500327,Girdhari Bhargava,MOHAN P,DUDWARA,9246054795,804513750892,CNRB0003398,6.39,COJN-86-141
G0500115,GIRDHARI MISHRA, CHHOTELAL SAHU ,CHEENKI,9645734272,020541337478,SBIN0004512,7.66,CO-0238
G0500078,PARSRAM  CHOUDHARY,Lakhan Sahu,BARKHEDA (SINGHPUR),9932461061,041422618648,UBIN0812345,10.70,CO-98014
G0500301,BRIJMOHAN BHARGAVA,MUKESH LODHI,GORAKHPUR,+919714170660,908584852675,CNRB0003398,17.08,COJN-86-141
G0500007,KAILASH KUSHWAHA,AMARSINGH  PATEL,BARKHEDA,,124023448347,PUNB0223400,9.25,CO-86032
G0500166,BRIJMOHAN LODHI,,BACHAI,9766735645,526302188842,BARB0NARSIN,15.80,CO-98014
G0500289,Amarsingh  Thakur,SHIVKUMAR GOUR,KARHAIYA KHEDA,9226557157,208495997092,PUNB0223400,12.68,CO-05011
G0500246,SURESH YADAV,DUBEY MUKESH,BACHAI,,5124 6841 5955,SBIN0004512,12.16,COJN-86-141
G0500353,GIRDHARI KIRAR,OMPRAKASH  KIRAR,GADARIYA,9134188728,,CNRB0003398,12.73,CO-86032
G0500296,NARAYAN YADAV,Mahendra Wishwakarma,PIPARIA,9904706988,320351773281,MAHB0001204,5.80,CO-0238
G0500258,AMARSINGH YADAV,SURESH VISHWAKARMA,CHORAKHEDA,,,SBIN0004512,4.19,COJN-86-141
G0500499,Madanlal  Thakur,PRAKAS PATHAK,BACHAI,09490995649,314391124803,UBIN0812345,1.95,CO-05011
G0500141,TULSIRAM KUSWAHA,MADANLAL DUBEI,SIGODHI,09252703211,986571528278,MAHB0001204,6.21,COJN-86-141
G0500009,PREMLAL  JAT,JAGDISH JAT,CHINKI,,,MAHB0001204,8.50,CO-0238
G0500480,HARIRAM YADAV,SURESH KOURAV,DUDWARA,,,CNRB0003398,17.18,COJN-86-141
G0500059,NANDKISHORE RAJPUT,SAMPATLAL  PATEL,KUKWADA,9336804856,7113 1901 7139,MAHB0001204,8.45,CO-86032
G0500345, RADHESHYAM KUSHWAHA ,LAKHAN DUBEY,BACHHAI,92065 18918,404808129216,SBIN0004512,10.87,CO-0238
G0500089,OMPRAKASH TIWARI,DINESH CHOUDHARY,DEONAGAR,9890789077,095682088272,MAHB0001204,12.55,CO-86032
G0500357,Sohan Vishwakarma,SITARAM CHOUDHARY,MURLI POUDI,9545757601,710159600305,UBIN0812345,8.44,COJN-86-141
G0500319,KUSHWAHA RAJESH,KANHAIYA PARIHAR,GORAKPUR,927-426-9400,265909704376,UBIN0812345,10.86,CO-86032
G0500325,OMPRAKAS KUSWAHA,,PIPARIYA,9896477829,915989249722,UBIN0812345,10.20,COJN-86-141
G0500090,CHHOTELAL GOUR,MADANLAL KIRAR,KESLI,9741702619,6498 6019 2164,BARB0NARSIN,15.84,CO-05011
G0500160,BALKISHAN KOURAV, AMARSINGH PARIHAR ,PIPPARIYA,09838050071,292600439975,PUNB0223400,4.61,COJN-86-141
G0900007,MUKESH BHARGAVA,BALKISHAN CHOUDHARY,BACHAI KALAN,9315905726,076773797988,PUNB0223400,8.94,CO-98014
G0500221,SITARAM  JAT,RAJESH YADAV,SIGHODI,9962473897,503428100118,CNRB0003398,4.17,CO-98014
G0500344,CHHOTELAL PATEL,RAJESH TIWARI,GORAKPUR,9953493835,888288381204,UBIN0812345,12.44,CO-98014
G0500223,MADANLAL RAJPUT,Radheshyam  Dubey,MURLI PAUDI,,882537023412,CNRB0003398,3.13,CO-86032
G0500149,RAJESH GOUR,NANDKISORE LODHI,CHINKI,9398223513,359051595154,MAHB0001204,9.38,CO-86032
G0500274,PARSRAM S,Mohan Sahu,KESALI,9336259825,994281632381,SBIN0004512,10.20,CO-0238
G0500273,SAMPATLAL PATEL,SAMPATLAL  CHOUDHARY,KESLI,09040595024,,BARB0NARSIN,8.67,CO-0238
G0500385,GANESH JAT,BABULAL DUBEY,GORAKPUR,9992330649,620498150402,BARB0NARSIN,6.01,COJN-86-141
G0500421,DINESH KIRAR,Thakur Hariram,KARHAIYA KHEDA,93084 95132,710661886004,CNRB0003398,14.43,CO-98014
G0500284,AMARSINGH BHARGAVA,DEVILAL YADAV,KARHAIYA KHEDA,9809064941,646333076300,UBIN0812345,15.99,CO-0238
G0500298,NARAYAN VISHWAKARMA,RAMESH GOUR,BACHHAI,,5661 4732 0677,PUNB0223400,17.60,CO-0238
G0500323,Ramesh Sahu,GOVIND JAT,KHAMARIYA,,953491950681,BARB0NARSIN,10.96,CO-86032
G0500312,SURESH KIRAR, SITARAM DUBEY ,PIPARIYA,09061047299,777562287243,BARB0NARSIN,11.33,CO-86032
G0500392,NARAYAN PATHAK,Govind Parihar,KESLI,,420101693344,CNRB0003398,12.85,CO-0238
G0500170,MAHENDRA J,NANDKISHORE R,JALLAPUR,09604104382,243531681544,BARB0NARSIN,13.76,CO-86032
G0900006,BABULAL PATEL,SANTOSH AHIRWAR,BELKHEDA,9187167265,252333694319,SBIN0004512,14.86,CO-0238
G0500024,NANDKISHORE KIRAR,Santos Sen,BARKHERA,9551661605,344688263728,MAHB0001204,10.90,CO-05011
G0500132,MOHAN YADAV,,KHAMARIA,9936961111,,CNRB0003398,9.76,CO-05011
G0500058, RAGHUVEER KOURAV ,GIRDHARI SAHU,BHALPANEE,+919543471871,,MAHB0001204,17.47,CO-98014
G0500011,RAJESH PATHAK,Sitaram Ahirwar,BANDOLE,+919156404104,2346 8535 6068,SBIN0004512,10.11,CO-0238
G0500432,CHHOTELAL PATEL,BABULAL  LODHI,KESLI,90733 28979,2861 4269 7793,SBIN0004512,15.96,CO-98014
G0500276,DEVILAL KIRAR,PRAKASH MISHRA,KARHAIYA KHEDA,904-358-8936,,CNRB0003398,10.80,CO-98014
G0500451,PARSRAM MISHRA,Ganesh Lodhi,MEHGAON,+919426983638,927232332589,BARB0NARSIN,15.12,CO-0238
G0500145,SHIVKUMAR MISHRA,Suresh Rajput,MEHGAON,93549 49562,692874314699,CNRB0003398,14.41,COJN-86-141
G0500025,Santosh Sen,SANTOSH S,CHORAKHEDA,9367006638,,UBIN0812345,13.61,CO-98014
G0500239,PHOOLCHAND PATEL,MUKESH VISHWAKARMA,KESALI,9833951439,378494877607,PUNB0223400,2.93,COJN-86-141
G0500216, AMARSINGH PATEL ,HARIRAM RAJPUT,MEHAGAON,9277400515,1292 3384 1075,MAHB0001204,11.65,CO-98014
G0500286,RADHESHIAM SEN,HARIRAM GOUR,KESLI,09394649059,999969801316,UBIN0812345,7.74,COJN-86-141
G0900008,GANESH THAKUR,MADANLAL JAT,KESALI,9608150872,873047314515,MAHB0001204,9.65,COJN-86-141
G0500333,GIRDHARI SAHU,RAJESH  PARIHAR,BHALPANEE,+919001428972,709795905782,SBIN0004512,11.16,CO-05011
G0500448,SITARAM PARIHAR,THAKUR  GANESH,DUDWARA,09927199918,7863 7437 3029,PUNB0223400,15.41,CO-0238
G0500443,PRAKASH K,MADANLAL TIWARI,CHORAKHEDA,93920 14114,346954584515,MAHB0001204,7.32,COJN-86-141
G0500175, TULSIRAM KUSWAHA ,MADANLAL LODHI,MEHAGAON,9054321613,036390209434,BARB0NARSIN,8.68,CO-86032
G0500470,TULSIRAM BHARGAVA, Sures Choudhari ,GADARIYAKHEDA,92811 20972,348248085421,SBIN0004512,8.10,CO-0238
G0500204,MAHENDRA PATEL,Hariram Mishra,KESLI,9703129287,082357251524,PUNB0223400,0.87,CO-86032
G0500183,JAGDISH  PATEL, KANHAIYA KIRAR ,KHAMARIYA,92873 33961,835613857383,UBIN0812345,3.66,CO-98014
G0500140,MAHENDRA CHOUDHARY,Dinesh Bhargava,DUDHWARA,,,SBIN0004512,11.92,CO-05011
G0500165,PHOOLCHAND DUBEY,PARSRAM THAKUR,BELKHERA,+919660165699,084819356076,CNRB0003398,11.33,CO-86032
G0500334,JAT BALKISHAN,GIRDHARI SAHU,KHAMARIA,93702 62485,,PUNB0223400,14.40,CO-05011
G0500351,PREMLAL GOUR,RAGHUVEER AHIRWAR,PIPARIA,,586983710005,BARB0NARSIN,14.75,COJN-86-141
G0500381,SOHAN MISRA,GIRDHARI L,BELKHEDA,9909107636,392450197726,CNRB0003398,13.62,CO-86032
G0500071,KAILASH PATEL,,BANDOL,9866262201,398600170398,PUNB0223400,16.49,COJN-86-141
G0500400,DEVILAL AHIRWAR,Shivkumar S,KHAMARIA,9170890612,101077839461,PUNB0223400,3.96,COJN-86-141
G0500217,PARSRAM B, SOHAN MISHRA ,BANDOLE,9557246891,305751016282,CNRB0003398,13.93,COJN-86-141
G0500337,DINESH S,,BHALPANEE,9773593641,186077872151,CNRB0003398,6.45,CO-0238
G0500014,SHIVKUMAR DUBEY,BALKISHAN GOUR,BARKHERA,09870465572,101415618365,BARB0NARSIN,11.76,COJN-86-141
G0500010,Santosh Thakur,NANDKISHORE KOURAV,PIPARIYA,9847771834,1704 7187 4633,UBIN0812345,1.81,CO-0238
G0500449,GIRDHARI BHARGAWA,SURESH DUBEY,PIPPARIYA,9694322942,0785 1337 2701,SBIN0004512,15.42,CO-98014
G0500173,OMPRAKASH LODHI,KAILASH DUBEY,GADARIYAKHEDA,,272609046288,SBIN0004512,10.93,CO-0238
G0500023,DEVILAL BHARGAVA,SANTOSH RAJPUT,BARKHEDA,913-455-6405,,SBIN0004512,1.05,CO-05011
G0500191,Brijmohan Pathak,KAILASH GOUR,DEVNAGAR (GOTEGAON),9039880243,969351254472,UBIN0812345,0.69,CO-0238
G0500260, DEVILAL KOURAV ,GOVIND TIWARI,KHAMARIA,+919799854509,5835 6999 0885,MAHB0001204,12.75,CO-98014
G0500129,GOVIND KUSHWAHA,TULSIRAM AHIRWAR,KHAMARIYA,+919156572672,567281178711,UBIN0812345,13.56,COJN-86-141
G0500235, RAMESH SAHU ,DINESH AHIRWAR,MURLI PAUDI,9386455526,698130759240,BARB0NARSIN,0.95,COJN-86-141
G0500241,SITARAM A,PREMLAL  PATEL,BELKHEDA,9769245927,983097325053,MAHB0001204,4.32,COJN-86-141
G0500105,CHHOTELAL LODHI,JAGDISH Y,KHAMARIYA,91404 48211,,BARB0NARSIN,8.62,CO-98014
G0500231,PARSRAM KOURAV,SANTOSH Y,DUDWARA,93832 68939,,UBIN0812345,15.08,CO-05011
G0500356,SAMPATLAL JAT, BHAGWAN S ,CHEENKI,98231 81659,,BARB0NARSIN,15.55,CO-0238
G0500100,DEVILAL LODHI,RADHESHYAM KUSHWAHA,PIPARIYA,+919585251526,053602387564,UBIN0812345,4.57,CO-98014
G0500457,RADHESHIAM AHIRWAR,RAGHUVEER BHARGAVA,MEHAGAON,95194 86452,127470188399,MAHB0001204,17.55,CO-86032
G0500485,Premlal R,GIRDHARI GOUR,GORAKPUR,+919873246113,790768715348,UBIN0812345,1.44,CO-98014
G0500484,LAKHAN C,,CHORAKHEDA,9395179298,0974 4009 8324,BARB0NARSIN,13.90,CO-0238
G0500477,MADANLAL  PATEL,PHOOLCHAND SEN,PIPARIYA,9225440966,680518029492,CNRB0003398,14.06,CO-0238
G0500087,KANHAIYA PATEL,MAHENDRA BHARGAVA,BHALPANI,9586694280,256599352886,SBIN0004512,11.89,COJN-86-141
G0500126,MAHENDRA TIWARI,PREMLAL RAJPUT,BELKHEDA,+919972998507,,SBIN0004512,16.52,CO-98014
G0500294,NARAYAN JAT,Babulal Kushwaha,SIGHODI,9955923187,284343063452,PUNB0223400,15.57,COJN-86-141
G0500402,DINESH  AHIRWAR,CHHOTELAL PARIHAR,CHEENKI,+919658258105,015793480603,BARB0NARSIN,4.99,COJN-86-141
G0500006,NANDKISHORE GOUR,Govind Gour,KUKWADA,,505877065894,SBIN0004512,9.46,CO-0238
G0500022,Premlal Jat,KAILASH  KOURAV,SIGODHI,9318024332,536593687780,MAHB0001204,15.51,CO-98014
G0500341,JAGDISH AHIRWAR,,BANDOL,9021935198,278034874346,SBIN0004512,9.46,COJN-86-141
G0500280,JAT PARSRAM,HARIRAM DUBEI,KUKWADA,9792780410,974102271237,CNRB0003398,10.00,CO-98014
G0500152,TULSIRAM KOURAW,,BHALPANI,+919532091624,544713380947,SBIN0004512,10.38,CO-86032
G0500197,JAGDISH YADAV,Sampatlal Gour,JALLAPUR,,444855396190,BARB0NARSIN,14.55,CO-86032
G0500440,AMARSINGH LODHI,KAILASH  MISHRA,KARHAIYA KHEDA,92144 43872,2917 7107 4788,PUNB0223400,16.99,CO-0238
G0500423,RAJESH Y,,MEHGAON,94814 74330,585849016468,MAHB0001204,13.91,CO-05011
G0500287,MAHENDRA CHOUDHARY,GIRDHARI THAKUR,KARHAIYA KHEDA,9925151575,012271905608,UBIN0812345,16.80,CO-0238
G0500467,BHAGWAN PATEL,PARSRAM  B,MEHGAON,9981314063,,CNRB0003398,9.32,CO-86032
G0500062,BALKISHAN R,Phoolchand Sahu,BARKHEDA,,324025577355,SBIN0004512,3.63,COJN-86-141
G0500256, PHOOLCHAND BHARGAVA ,MOHAN JAT,JALAPUR,09402898461,484280890289,BARB0NARSIN,6.19,CO-86032
G0500468,BRIJMOHAN P,TULSIRAM MISHRA,CHORAKHERA,9702067586,344812461212,MAHB0001204,1.53,CO-0238
G0500098,DEVILAL MISHRA,OMPRAKASH D,MEHGAON,9222540350,,PUNB0223400,9.43,CO-05011
G0500153,PARSRAM  YADAV,AMARSINGH  JAT,BHALPANI,09708006146,,MAHB0001204,16.68,CO-86032
G0900005,AMARSINGH AHIRWAR,RAGHUVEER GOUR,GADARIA,9658522312,243195191743,UBIN0812345,15.29,COJN-86-141
G0500068,KANHAIYA KUSHWAHA,LAKHAN KUSHWAHA,BARKHEDA,9422166566,755228864235,SBIN0004512,12.43,CO-98014
G0500095,DINESH KOURAV,SAMPATLAL YADAV,DEVNAGAR,,364713703613,MAHB0001204,7.64,CO-05011
G0500218,Mahendra Choudhary,HARIRAM AHIRWAR,DUDWARA,9763329258,641481072942,BARB0NARSIN,4.21,CO-05011
G0500309,KAILASH KUSHWAHA, MADANLAL MISHRA ,MEHGAON,9850370599,094398163718,SBIN0004512,12.36,CO-05011
G0500259,Sitaram  Lodhi,Chhotelal Kourav,KHAMARIYA,9652973368,,MAHB0001204,14.09,CO-05011
G0500291,GOVIND RAJPUT,SAMPATLAL BHARGAVA,GORAKPUR,09831021789,890572179447,MAHB0001204,13.91,CO-86032
G0500182,RAJESH K,Jagdish Ahirwar,BACHAI,9807865366,3893 4482 8261,UBIN0812345,9.15,CO-05011
G0500250,Govind Vishwakarma,BABULAL PARIHAR,SIGHODI,9946331256,703004043018,SBIN0004512,17.95,CO-05011
G0500188,MAHENDRA  BHARGAVA,RADHESHYAM LODHI,DEONAGAR,9788951232,,CNRB0003398,11.13,CO-86032
G0500031,Mukesh Pathak, MOHAN KOURAV ,BACHAI,9927905597,722152676749,SBIN0004512,6.34,COJN-86-141
G0500069,BHAGWAN PARIHAR,VISHWAKARMA  HARIRAM,CHEENKI,+919415915081,153072748079,SBIN0004512,10.21,CO-0238
G0500384,SHIVKUMAR  KIRAR,SITARAM LODHI,BELKHERA,961-604-9341,686577700394,BARB0NARSIN,6.46,CO-05011
G0500352,Hariram S,Bhargava Mukesh,DEVNAGAR,9383745552,944201377238,BARB0NARSIN,8.60,CO-05011
G0500209,NANDKISHORE P,SURESH YADAV,BELKHEDA,+919955427847,2982 9081 7565,BARB0NARSIN,16.03,COJN-86-141
G0500277,SHIVKUMAR JAT,GIRDHARI GOUR,SIGHODI,,026015346437,UBIN0812345,5.31,CO-98014
G0500464, SAHU  BRIJMOHAN ,CHHOTELAL PATHAK,GORAKHPUR,9153735818,879325983751,PUNB0223400,2.15,CO-05011
G0500054,MADANLAL P,LAKHAN  PATHAK,KHAMRIYA,,,SBIN0004512,14.90,COJN-86-141
G0500194,SANTOSH PARIHAR,SITARAM CHOUDHARY,KHAMARIYA,946-696-6576,3327 7381 7128,PUNB0223400,11.03,COJN-86-141
G0500180,Chhotelal Gour,GIRDHARI PATHAK,KARHAIYA KHEDA,9213671712,5532 4197 3371,UBIN0812345,4.00,CO-0238
G0500459,DEVILAL P,KANHAIYA J,KESLI,9744985932,676028311131,SBIN0004512,13.72,CO-05011
G0500290, MADANLAL  PATEL ,MOHAN THAKUR,SIGHODI,9617076318,,PUNB0223400,0.70,CO-05011
G0500300,DINESH GOUR,GOWIND GOUR,MURLIPAUDI,9561749174,623328621243,MAHB0001204,2.09,CO-0238
G0500233,JAGDISH  T,RADHESHYAM K,BELKHEDA,,829564309449,CNRB0003398,13.11,CO-0238
G0500033,Kailash Dubey,MADANLAL VISHWAKARMA,BARKHEDA,9186272533,204508004870,SBIN0004512,2.27,COJN-86-141
G0500268,GOWIND DUBEI,NARAYAN JAT,MEHAGAON,9526725554,939059584512,CNRB0003398,3.74,CO-05011
G0500393,MADANLAL CHOUDHARY,Sohan Dubei,BARKHERA,+919892177356,271825086842,UBIN0812345,17.09,CO-98014
G0500409,SHIVKUMAR SAHU,RAGHUVEER BHARGAVA,KARHAIYA,,370210594488,MAHB0001204,0.01,CO-0238
G0500094,Mohan Jat,MADANLAL A,DEONAGAR,+919187678003,623035317966,UBIN0812345,6.37,CO-0238
G0500080, NARAYAN  PATEL ,VISHWAKARMA RAGHUVEER,BARKHERA,9243001113,2751 8554 6745,PUNB0223400,1.46,CO-0238
G0500219,KANHAIYA M,Govind Jat,GADARIA,09526686387,740039478411,BARB0NARSIN,7.83,COJN-86-141
G0500479,Dinesh  V,Chhotelal Gour,MURLI PAUDI,9739937906,,UBIN0812345,15.62,CO-0238
G0500338,NANDKISHORE  SAHU,MUKESH KOURAV,MEHGAON,9309352606,472791809998,MAHB0001204,2.21,CO-05011
G0500368,BABULAL K,MUKESH L,BHALPANI,9998928917,795846200827,BARB0NARSIN,10.72,CO-0238
G0500070,RADHESHYAM KIRAR,Chhotelal Sahu,KARHAIA,09179267973,593162431807,PUNB0223400,14.11,CO-86032
G0500012,BALKISHAN PATEL,LAKHAN  PATHAK,BHALPANI,9683645074,952883143667,SBIN0004512,8.06,COJN-86-141
G0500407,HARIRAM AHIRWAR,Raghuveer Patel,DEONAGAR,9533910005,617745369973,MAHB0001204,9.17,CO-05011
G0500157,KAILASH  P,AMARSINGH S,BANDOLE,9648860961,621689460603,SBIN0004512,6.17,CO-86032
G0500086,PREMLAL  J,DINESH BHARGAVA,PIPPARIYA,9071186257,238563332659,UBIN0812345,8.13,COJN-86-141
G0500416,NARAYAN B, RAJESH KIRAR ,SIGODHI,+919524223871,188267609410,PUNB0223400,14.76,CO-86032
G0500109,MADANLAL Y, PRAKAS  AHIRWAR ,BANDOLE,9097826287,456231959634,SBIN0004512,10.42,COJN-86-141
G0500147,SANTOSH JAT, JAGDIS LODHI ,KESLI,90931 25690,858186726217,CNRB0003398,16.75,CO-0238
G0500212,Nandkishore  Choudhary,SAMPATLAL JAT,KUKWADA,,434804129453,BARB0NARSIN,1.89,CO-05011
G0500020,KAILASH PATHAK,Radheshyam Ahirwar,BANDOL,9255173290,484495003249,CNRB0003398,11.45,CO-98014
G0500176,MOHAN GOUR,Ganesh Dubey,KHAMARIYA,9787157147,,BARB0NARSIN,14.08,CO-98014
G0500444,SOHAN LODHI,JAT  GIRDHARI,MURLIPAUDI,978-487-8538,938599266175,MAHB0001204,4.64,CO-0238
G0500456, PHOOLCHAND L ,PREMLAL MISHRA,DEVNAGAR,9385864883,422002204940,PUNB0223400,17.90,CO-86032
G0500049,AMARSINGH KOURAV,PRAKASH RAJPUT,CHORAKHEDA,,504135885709,CNRB0003398,6.69,COJN-86-141
G0500048,AHIRWAR NARAYAN,,CHINKI,,138473873891,CNRB0003398,13.37,CO-05011
G0500389,OMPRAKASH YADAV,AMARSINGH LODHI,BHALPANEE,9558160847,498917343491,BARB0NARSIN,0.55,CO-86032
G0500119,GIRDHARI PATEL,BALKISHAN B,DUDWARA,9213596311,8092 0877 9440,PUNB0223400,7.68,CO-05011
G0500417,SANTOSH TIWARI,PREMLAL LODHI,SIGHODI,9546773509,9274 6979 4281,CNRB0003398,17.37,CO-05011
G0500042,RAJESH  VISHWAKARMA,SITARAM A,BELKHEDA,09364670312,256204685158,BARB0NARSIN,15.75,COJN-86-141
G0500102,AMARSINGH T,GOVIND SAHU,KUKWARA,9483246031,375785870956,BARB0NARSIN,4.17,COJN-86-141
G0500490,MOHAN K,SURESH S,CHEENKI,+919709275944,765012163558,PUNB0223400,3.35,COJN-86-141
G0500339,RADHESHYAM CHOUDHARY,Amarsingh Thakur,SIGHODI,9619741566,964725189528,MAHB0001204,0.78,CO-86032
G0500079,AMARSINGH DUBEI,MISHRA GOVIND,DEVNAGAR,9138662355,675233410826,BARB0NARSIN,11.28,CO-0238
G0500243,RAGHUVEER KIRAR,RADHESHYAM KOURAV,CHEENKI,9624924221,510475510275,UBIN0812345,5.69,CO-98014
G0500363,Tulsiram P, NARAYAN YADAV ,BARKHERA,9932705170,636977187269,UBIN0812345,0.72,CO-98014
G0500437,VISHWAKARMA  KANHAIYA,MUKESH AHIRWAR,BHALPANEE,9170482318,431299525235,UBIN0812345,13.60,CO-86032
G0500441,SHIVKUMAR PARIHAR,,CHORAKHERA,9241764171,049054991472,SBIN0004512,4.63,CO-05011
G0500214,KIRAR NARAYAN,Dinesh Kourav,SIGHODI,+919323127182,972682512768,SBIN0004512,5.67,CO-05011
G0500146,MAHENDRA KOURAV,RAGHUVEER PATHAK,BANDOL,9908380229,8060 2391 8682,SBIN0004512,0.73,CO-98014
G0500316,MADANLAL DUBEY,Ganesh Vishwakarma,KUKWADA,90985 43468,,UBIN0812345,16.56,CO-05011
G0500495,Devilal Choudhary,OMPRAKASH PATHAK,BANDOL,988-322-2044,,SBIN0004512,16.88,CO-0238
G0500315,LAKAN PARIHAR, THAKUR  GIRDHARI ,DEVNAGAR (GOTEGAON),09262915461,834677996255,CNRB0003398,11.44,CO-0238
G0500005,YADAV KANHAIYA,Sohan Jat,GORAKPUR,+919887180334,018780175989,BARB0NARSIN,9.46,COJN-86-141
G0500138,DINESH DUBEY,BABULAL KUSHWAHA,SIGHODI,+919739713320,929001249431,UBIN0812345,2.14,COJN-86-141
G0500264,PRAKASH PATEL,GOVIND YADAV,GADARIYAKHEDA,94517 09823,806173203683,UBIN0812345,10.62,CO-0238
G0900004,PARSRAM JAT,LAKHAN RAJPUT,PIPARIYA,9525935409,034144852575,SBIN0004512,13.92,CO-98014
G0500245,Mukesh M,RADHESHIAM YADAW,JALAPUR,+919387099497,336466996384,BARB0NARSIN,2.01,COJN-86-141
G0500395,SHIVKUMAR K,RAGHUVEER MISHRA,DUDHWARA,9735927175,2396 5511 2093,MAHB0001204,1.44,CO-0238
G0500185,GIRDHARI K, SANTOSH THAKUR ,CHEENKI,9644207562,794118647361,MAHB0001204,6.65,CO-05011
G0500019,JAGDISH  LODHI,SOHAN JAT,KARHAIA,9108620191,327423159425,BARB0NARSIN,16.19,COJN-86-141
G0500425,DEVILAL  M,PARSRAM PARIHAR,CHORAKHEDA,09751123927,047234729592,BARB0NARSIN,12.23,CO-86032
G0500488, CHHOTELAL SAHU ,GIRDHARI MISHRA,BARKHEDA (SINGHPUR),96576 15584,623284494146,CNRB0003398,3.70,CO-0238
G0500372, Suresh Rajput ,PHOOLCHAND  PARIHAR,SIGODHI,,651426196252,CNRB0003398,16.06,COJN-86-141
G0500435,OMPRAKASH TIWARI,BHAGWAN DUBEY,JALLAPUR,9362086637,6233 5483 3714,SBIN0004512,15.79,COJN-86-141
G0500347,Madanlal Choudhary,AMARSINGH PARIHAR,GORAKPUR,09680231866,,MAHB0001204,15.87,CO-98014
G0500225,GIRDHARI KIRAR,BRIJMOHAN  DUBEY,JALAPUR,9748900285,,PUNB0223400,6.37,CO-0238
G0500270,SHIVKUMAR SAHU,CHHOTELAL TIWARI,KARHAIYA,9571840952,928643615285,PUNB0223400,10.00,COJN-86-141
G0500255,RADHESHYAM  CHOUDHARY,Sampatlal  Sahu,GADARIYAKHEDA,9416257107,674445918626,BARB0NARSIN,10.52,CO-98014
G0500073,PREMLAL K,MUKESH KIRAR,CHORAKHERA,+919851131154,444279953011,UBIN0812345,1.26,CO-05011
G0500346,GOVIND YADAV,Jagdish Lodhi,BELKHEDA,92372 98308,,MAHB0001204,6.38,CO-05011
G0500371,BHAGWAN CHOUDHARY,KANHAIYA VISHWAKARMA,DUDWARA,993-255-2570,,SBIN0004512,12.62,COJN-86-141
G0500463,NARAYAN JAT, SITARAM PARIHAR ,KESALI,9434312226,920151488445,UBIN0812345,4.65,CO-05011
G0500410,TULSIRAM YADAV, MUKESH PATEL ,DEONAGAR,9193970867,715759506945,UBIN0812345,7.39,COJN-86-141
G0500110,Lakhan Vishwakarma,JAGDISH YADAV,BARKHERA,9963547660,8050 9633 5001,BARB0NARSIN,15.24,CO-98014
G0500164,PATEL SOHAN,DEVILAL LODHI,GADARIA,994-595-3653,369774273164,PUNB0223400,7.89,COJN-86-141
G0500263,LODHI NARAYAN, Parihar Babulal ,MURLI POUDI,9039172214,656977720368,UBIN0812345,5.98,COJN-86-141
G0500236,SHIVKUMAR PATHAK,KAILASH VISHWAKARMA,KHAMARIYA,09860554024,745361706320,UBIN0812345,2.53,CO-86032
G0500475,GOVIND KIRAR,PRAKASH RAJPUT,BARKHEDA (SINGHPUR),980-890-7534,720844251599,CNRB0003398,1.51,CO-05011
G0500101, Girdhari Parihar ,MADANLAL VISHWAKARMA,CHORAKHEDA,91024 44137,011990982412,SBIN0004512,16.35,CO-05011
G0900003,BRIJMOHAN CHOUDHARY,PHOOLCHAND JAT,GADARIYA,9472170735,528548389641,CNRB0003398,9.32,CO-0238
G0500482, MADANLAL THAKUR ,SOHAN VISWAKARMA,KESLI,9972145676,274384788707,CNRB0003398,6.69,COJN-86-141
G0500450,GANESH PATHAK,MADANLAL KOURAV,DEONAGAR,944-221-4456,229744818673,BARB0NARSIN,4.95,CO-05011
G0500272,Mukesh Kushwaha, DINESH PARIHAR ,MURLIPAUDI,9990303663,345736042928,UBIN0812345,7.84,CO-0238
G0500406,MISHRA RADHESHYAM,PARSRAM SAHU,BELKHERA,9978510136,,BARB0NARSIN,1.91,CO-05011
G0500383,VISHWAKARMA LAKHAN,BRIJMOHAN KUSHWAHA,BARKHEDA,9983301493,,UBIN0812345,10.17,CO-98014
G0500313,Sitaram Yadav,KAILASH PARIHAR,GADARIYA,09288717913,933590194114,MAHB0001204,7.51,CO-86032
G0500220,DINESH KOURAV,SANTOS KUSWAHA,GORAKHPUR,9872845171,,SBIN0004512,2.10,CO-98014
G0500439,Prakash Bhargava,Chhotelal Rajput,MEHAGAON,9138780368,050209666369,MAHB0001204,6.18,CO-05011
G0500299,Madanlal Lodhi,DINESH  GOUR,PIPARIA,,198719501106,MAHB0001204,6.26,CO-05011
G0500168,GANESH KOURAV,GANESH AHIRWAR,BELKHERA,98555 66315,,BARB0NARSIN,4.69,CO-86032
G0500202, PARSRAM PATEL ,KANHAIIA  MISRA,JALAPUR,9167039460,382980992373,BARB0NARSIN,15.34,COJN-86-141
G0500318,SANTOSH P,AMARSINGH CHOUDHARY,PIPARIYA,9671825098,156194483256,SBIN0004512,10.16,CO-98014
G0500230,KUSHWAHA NARAYAN,DINES RAJPUT,BARKHEDA,+919811200909,007210605329,UBIN0812345,2.33,COJN-86-141
G0500493,Shivkumar Mishra,Phoolchand Rajput,JALAPUR,,,CNRB0003398,9.04,CO-98014
G0500013,KAILASH JAT,Premlal Kuswaha,MURLIPAUDI,9114893643,481373433734,BARB0NARSIN,10.07,CO-0238
G0500074,SOHAN SAHU, Narayan Patel ,BELKHEDA,,,UBIN0812345,9.90,CO-98014
G0500240,RAJPUT TULSIRAM,TULSIRAM RAJPUT,JALAPUR,9505123948,136112999725,BARB0NARSIN,6.84,CO-86032
G0500491,GANESH PATEL,GIRDHARI DUBEY,BANDOLE,986-511-9667,,MAHB0001204,0.81,CO-05011
G0500474,PHOOLCHAND LODHI,DINESH RAJPUT,KUKWADA,,092577070885,UBIN0812345,2.41,CO-0238
G0500021,Kailash Patel,DINESH SEN,KUKWADA,9859979873,2000 8062 3201,MAHB0001204,0.72,CO-05011
G0500122,SOHAN PARIHAR,SURESH KUSHWAHA,BARKHEDA (SINGHPUR),9469285071,583248928449,MAHB0001204,12.47,CO-98014
G0500369,Phulchand Yadaw,SITARAM  P,DEVNAGAR (GOTEGAON),,8913 6463 1839,PUNB0223400,5.13,CO-05011
G0500051,DEWILAL VISWAKARMA,,BANDOL,9455835865,0557 8533 5223,BARB0NARSIN,0.63,CO-98014
G0500358,BRIJMOHAN KUSHWAHA,DUBEY RAGHUVEER,DEVNAGAR (GOTEGAON),+919924727710,887150162117,BARB0NARSIN,13.00,CO-05011
G0500329,SHIVKUMAR B,PRAKASH  SEN,BARKHEDA,95307 01233,508664912115,PUNB0223400,0.98,CO-98014
G0500060,JAGDISH YADAV,HARIRAM KIRAR,CHORAKHEDA,9577925537,805081695043,UBIN0812345,14.43,COJN-86-141
G0500261,SOHAN THAKUR,Dewilal Lodhi,PIPARIA,09371036428,592802888388,UBIN0812345,8.03,COJN-86-141
G0500426, SAMPATLAL K ,BRIJMOHAN SAHU,JALLAPUR,97901 73604,4594 6186 6700,BARB0NARSIN,5.67,COJN-86-141
G0500195,MUKESH JAT,Sampatlal  J,DEVNAGAR,97796 33098,656753315046,SBIN0004512,10.38,CO-98014
G0500082,SOHAN BHARGAWA,LAKHAN  TIWARI,MEHGAON,,208217904156,BARB0NARSIN,9.60,CO-86032
G0500104,TULSIRAM B, SURESH VISHWAKARMA ,GORAKPUR,9350566863,461987698742,UBIN0812345,14.99,CO-98014
G0500096,RAGHUVEER AHIRWAR,MAHENDRA LODHI,BACHAI KALAN,9153039452,564277202186,MAHB0001204,15.63,CO-86032
G0500297,KOURAV TULSIRAM,RAGHUVEER BHARGAVA,CHEENKI,+919725881104,7855 4442 8664,PUNB0223400,0.67,CO-98014
G0500306,Kailash Dubey,GOVIND JAT,DUDHWARA,+919769186750,2422 5168 0954,MAHB0001204,2.75,CO-05011
G0500142,KANHAIYA LODHI,MADANLAL SAHU,BANDOL,09768871051,930588822525,SBIN0004512,11.07,CO-86032
G0500367,Parsram Kourav,MISHRA  PRAKASH,DEVNAGAR,9702815370,121211579091,BARB0NARSIN,17.18,CO-86032
G0500189,KAILASH RAJPUT,SITARAM TIWARI,SIGHODI,99957 63514,465375133508,UBIN0812345,5.21,CO-05011
G0500342,KANHAIYA GOUR,KANHAIYA KOURAV,CHINKI,+919270786538,698821077860,PUNB0223400,2.98,COJN-86-141
G0500114,OMPRAKASH KOURAV,LAKHAN JAT,KUKWARA,+919245774979,922480604875,BARB0NARSIN,15.83,CO-86032
G0500282,AMARSINGH PATEL,GIRDHARI MISHRA,PIPARIA,963-649-4858,684151948478,UBIN0812345,2.11,CO-05011
G0500401,BRIJMOHAN TIWARI,Sitaram Sen,BELKHERA,,,BARB0NARSIN,12.31,COJN-86-141
G0500386,NARAYAN CHOUDHARY,BABULAL P,BELKHEDA,09631888280,213232848939,SBIN0004512,2.12,COJN-86-141
G0500471,MADANLAL KOURAW,PREMLAL PATHAK,CHINKI,,,SBIN0004512,11.28,COJN-86-141
G0500487,SURESH JAT,BRIJMOHAN GOUR,DUDWARA,09419913794,250218840583,CNRB0003398,13.77,COJN-86-141
G0500310,PREMLAL THAKUR,Mahendra Parihar,GADARIYAKHEDA,9547444366,542339540540,PUNB0223400,9.78,CO-98014
G0500454,NARAYAN  K,JAGDISH  AHIRWAR,KHAMRIYA,,801460456736,SBIN0004512,1.33,CO-98014
G0500032,Omprakas  Sahu, KANHAIYA BHARGAVA ,BHALPANEE,9489010397,490673490678,SBIN0004512,2.03,COJN-86-141
G0500171, PATEL PREMLAL ,RAGHUVEER M,CHORAKHEDA,9985950040,242815214946,BARB0NARSIN,9.00,CO-05011
G0900001,RAJESH JAT,RAJESH CHOUDHARY,GORAKPUR,9007879170,841880344789,BARB0NARSIN,6.37,CO-05011
G0500144,GIRDHARI  KUSHWAHA, BHAGWAN  BHARGAVA ,SIGODHI,9654379859,661417252925,UBIN0812345,4.59,CO-86032
G0500002,GOVIND RAJPUT,MUKESH G,KUKWARA,9396245957,0268 5995 2890,BARB0NARSIN,8.49,CO-05011
G0500350,PRAKASH RAJPUT,PARIHAR TULSIRAM,CHEENKI,9307032737,339287706256,SBIN0004512,12.31,CO-86032
G0500453,GOVIND KUSHWAHA,RAJESH THAKUR,KARHAIYA,9573030339,4082 5481 6307,BARB0NARSIN,10.85,CO-86032
G0500125,SOHAN MISRA,SURESH KIRAR,GADARIYA,9848826881,155527705458,SBIN0004512,2.27,COJN-86-141
G0500055, Mukesh M , CHHOTELAL SEN ,KUKWARA,9650933002,893961005111,CNRB0003398,17.25,CO-86032
G0500092,Madanlal  Tiwari,SANTOSH  KIRAR,PIPARIA,09795251561,,PUNB0223400,4.08,CO-0238
G0500117,Chhotelal Sahu,RAMESH VISHWAKARMA,SIGODHI,+919535364504,408423515518,SBIN0004512,3.64,COJN-86-141
G0500404,Premlal Tiwari,DEVILAL  K,DUDWARA,,102894817374,CNRB0003398,2.22,CO-98014
G0500331,SAHU PHOOLCHAND,RAJPUT KANHAIYA,MURLIPAUDI,9025429107,958127312805,CNRB0003398,5.37,CO-0238
G0500328,PRAKASH  BHARGAVA, BABULAL MISHRA ,MEHGAON,9158250205,,MAHB0001204,7.13,CO-98014
G0500379,Babulal Mishra,Ramesh Mishra,GADARIYA,94499 33009,183396686502,PUNB0223400,13.31,CO-98014
G0500172,BALKISHAN CHOUDHARY,PRAKASH GOUR,BANDOLE,9247861856,2512 7287 8150,UBIN0812345,4.23,CO-0238
G0500229,RAJESH KUSHWAHA,PARSRAM C,BELKHEDA,9314467980,0113 3915 2723,BARB0NARSIN,14.50,CO-05011
G0500257,GANESH  KIRAR, BABULAL PATHAK ,CHEENKI,9978258003,968609267313,BARB0NARSIN,14.25,CO-98014
G0500075,PRAKASH BHARGAVA,SAMPATLAL  SAHU,SIGHODI,9721446627,2558 2254 5528,UBIN0812345,5.36,CO-0238
G0500116,Narayan Sen,SANTOS KIRAR,SIGHODI,9563950076,4427 9348 7923,SBIN0004512,6.73,CO-98014
G0500190,Kanhaiya Kourav,DEVILAL  GOUR,KHAMRIYA,09662624789,,SBIN0004512,10.81,CO-05011
G0500295,DUBEY PARSRAM,DINESH JAT,BANDOL,09037931147,182845679953,CNRB0003398,4.64,COJN-86-141
G0500378,PARSRAM TIWARI, BRIJMOHAN DUBEY ,KARHAIYA,09448989894,2176 4903 5829,MAHB0001204,13.82,CO-98014
G0500472, Lakhan Kirar , LAKHAN THAKUR ,DEVNAGAR (GOTEGAON),,575371031272,PUNB0223400,9.41,COJN-86-141
G0500201,DUBEY  PHOOLCHAND,RAGHUVIR BHARGAWA,MURLI PAUDI,9851007489,623172349852,SBIN0004512,0.51,CO-05011
G0500288,PRAKASH SEN,Ahirwar Ramesh,SIGODHI,952-223-5562,345235503650,SBIN0004512,15.66,CO-05011
G0500081,PHOOLCHAND AHIRWAR,PREMLAL  R,BARKHERA,9039317348,688500303843,CNRB0003398,11.70,CO-98014
G0500227,GOVIND DUBEY,,BANDOL,09532732749,8448 7108 6837,SBIN0004512,17.26,COJN-86-141
G0500302,RAGHUVEER  SEN,SURESH  KIRAR,BELKHEDA,,6853 5418 0168,BARB0NARSIN,13.43,CO-86032
G0500362,GOVIND PARIHAR,LAKHAN PATHAK,BARKHEDA,09962832883,132084395892,UBIN0812345,16.32,CO-86032
G0500181,SAMPATLAL  MISHRA,,PIPPARIYA,9525658699,883486316655,BARB0NARSIN,16.69,CO-05011
G0500377,SURESH P,,PIPPARIYA,,089011551879,CNRB0003398,4.05,CO-86032
G0500224,BALKISHAN THAKUR,SOHAN GOUR,KESALI,920-703-1291,342580851612,CNRB0003398,11.55,CO-86032
G0500238,GANESH JAT,RAGHUVEER SEN,KESLI,956-882-3702,077985581601,MAHB0001204,8.04,CO-86032
G0500213,SEN BHAGWAN,DUBEY SITARAM,DEVNAGAR,9415044300,155379795254,CNRB0003398,12.52,CO-86032
G0500473,BHAGWAN PATHAK,SITARAM MISHRA,CHINKI,09788781310,334316512447,MAHB0001204,1.71,CO-0238
G0500336,PHOOLCHAND KUSHWAHA,GANESH LODHI,BACHAI,9264000721,172671853959,PUNB0223400,3.85,CO-05011
G0500169,SURESH VISHWAKARMA,BALKISHAN CHOUDHARY,BHALPANI,9211891399,015263012285,CNRB0003398,8.47,CO-98014
